{
  "experiment_A": {
    "reps": 600,
    "results": {
      "delta=0.37": {
        "Q_star": 66.63157763803048,
        "f_Qstar": 0.030363383420190525,
        "theory_const_n_times_regret": 3.838505030453838,
        "n_grid": [
          20,
          31,
          47,
          72,
          109,
          167,
          256,
          391,
          598,
          914,
          1398,
          2138,
          3270,
          5000
        ],
        "regret_measured": [
          0.18332150202452316,
          0.11261095909396578,
          0.07893724601774738,
          0.054376981824995466,
          0.03372765229172397,
          0.02090112257467163,
          0.014065546375919667,
          0.009716377356725162,
          0.005584252500404823,
          0.004107145353766472,
          0.002643434029475434,
          0.0019483659687105615,
          0.0011776331068451876,
          0.0008443784541390068
        ],
        "regret_theory": [
          0.1919252515226919,
          0.12382274291786574,
          0.08167031979689017,
          0.05331256986741442,
          0.035215642481227875,
          0.022985060062597835,
          0.014994160275210305,
          0.009817148415482962,
          0.006418904733200398,
          0.0041996772762077006,
          0.0027457117528282104,
          0.0017953718570878569,
          0.0011738547493742625,
          0.0007677010060907676
        ],
        "n_times_regret_measured": [
          3.666430040490463,
          3.490939731912939,
          3.7100505628341267,
          3.9151426913996734,
          3.6763140997979127,
          3.4904874699701622,
          3.6007798722354347,
          3.799103546479538,
          3.3393829952420844,
          3.7539308533425557,
          3.6955207732066566,
          4.16560644110318,
          3.8508602593837638,
          4.221892270695034
        ],
        "ratio_measured_over_theory_largest_n": 1.099879311658963
      },
      "delta=0.6": {
        "Q_star": 74.0321126012166,
        "f_Qstar": 0.02985072564029757,
        "theory_const_n_times_regret": 4.020002778023046,
        "n_grid": [
          20,
          31,
          47,
          72,
          109,
          167,
          256,
          391,
          598,
          914,
          1398,
          2138,
          3270,
          5000
        ],
        "regret_measured": [
          0.16340939267790838,
          0.12621536089828841,
          0.08751316809164622,
          0.05278933167161901,
          0.03730482295072345,
          0.02376866302201037,
          0.01473367685884965,
          0.010806174823332479,
          0.006458331955378469,
          0.004171925181221414,
          0.002727983497899326,
          0.0018798685005689346,
          0.0011324193564797962,
          0.0008044588685745425
        ],
        "regret_theory": [
          0.2010001389011523,
          0.12967750896848534,
          0.08553197400049034,
          0.05583337191698675,
          0.03688075943140409,
          0.024071872922293687,
          0.015703135851652523,
          0.010281337028191933,
          0.006722412672279341,
          0.004398252492366571,
          0.0028755384678276438,
          0.0018802632263905735,
          0.0012293586477134697,
          0.0008040005556046092
        ],
        "n_times_regret_measured": [
          3.2681878535581674,
          3.912676187846941,
          4.113118900307373,
          3.800831880356569,
          4.0662257016288565,
          3.9693667246757323,
          3.7718212758655105,
          4.225214355922999,
          3.8620825093163247,
          3.813139615636372,
          3.813720930063258,
          4.019158854216382,
          3.7030112956889334,
          4.022294342872712
        ],
        "ratio_measured_over_theory_largest_n": 1.0005700406134528
      }
    }
  },
  "experiment_B": {
    "delta": 0.6,
    "reps": 600,
    "n_grid": [
      20,
      31,
      47,
      72,
      109,
      167,
      256,
      391,
      598,
      914,
      1398,
      2138,
      3270,
      5000
    ],
    "regret_quantile": [
      0.2003535033467694,
      0.11840133495029875,
      0.08229295109438088,
      0.05501053665197199,
      0.03690038481359744,
      0.023239480452038136,
      0.01652019524215581,
      0.010243216460529088,
      0.0073767506582402475,
      0.004194451551303296,
      0.002890947885171897,
      0.0019112065527203607,
      0.0013207939508855541,
      0.0008395111620404094
    ],
    "regret_mean_plugin": [
      1.4593354444591544,
      1.3048912889568782,
      1.1961071256302236,
      1.057579857132048,
      1.0666933320164742,
      1.0113664710005676,
      0.9696285426542499,
      0.9952105875516933,
      0.9865099259102638,
      0.9616002327645052,
      0.959708671510194,
      0.9428578857700448,
      0.9450329203932801,
      0.9562825875611846
    ],
    "Q_star": 74.0321126012166,
    "Q_mean_plugin_asymptote": 82.46842709250423,
    "regret_floor_mean_plugin": 0.9470942198550389
  },
  "experiment_C": {
    "trace": "conv",
    "n_requests": 19366,
    "t_start": "2023-11-16 18:15:46.680590",
    "t_end": "2023-11-16 19:14:08.402527",
    "bucket_seconds": 1.4006887747999999,
    "n_buckets": 2501,
    "delta": 0.37,
    "test_oracle_cost": 10045.214195,
    "all_on_demand_cost": 12245.955,
    "reserve_peak_cost": 31365.209610000005,
    "reserve_mean_cost": 10976.26689232,
    "oracle_save_vs_od_pct": 17.971165213329623,
    "rolling_windows": [
      {
        "window": 20,
        "cost": 9848.208870699997,
        "regret_vs_oracle": -197.00532430000385,
        "save_vs_on_demand_pct": 19.57990315414358
      },
      {
        "window": 40,
        "cost": 9794.368907700016,
        "regret_vs_oracle": -250.8452872999842,
        "save_vs_on_demand_pct": 20.019558232085483
      },
      {
        "window": 80,
        "cost": 9814.198319299967,
        "regret_vs_oracle": -231.01587570003358,
        "save_vs_on_demand_pct": 19.857632015633186
      },
      {
        "window": 160,
        "cost": 9856.840509799984,
        "regret_vs_oracle": -188.37368520001655,
        "save_vs_on_demand_pct": 19.509417519499426
      },
      {
        "window": 320,
        "cost": 9964.651654399999,
        "regret_vs_oracle": -80.56254060000174,
        "save_vs_on_demand_pct": 18.629035837548
      },
      {
        "window": 640,
        "cost": 10096.36760110001,
        "regret_vs_oracle": 51.153406100009306,
        "save_vs_on_demand_pct": 17.553448456245267
      }
    ],
    "demand_mean": 10.575983606557376,
    "demand_max": 39.797,
    "demand_peak_over_median": 4.164172857591294
  }
}